"PheCode","PheName","RSID","POS","MAF","pval.spa","Func.refGene","Gene.refGene"
"149","Cancer of larynx, pharynx, nasal cavities","rs546046941","chr16:61464820_G/A",3.78789049677869e-05,1.84011650041637e-09,"intergenic","MIR4426;CDH8"
"149","Cancer of larynx, pharynx, nasal cavities","rs3867138","chr11:61911422_C/T",0.231942673193944,4.34094524666665e-09,"intronic","INCENP"
"149","Cancer of larynx, pharynx, nasal cavities","rs2868774","chr11:61929242_T/G",0.235646001625986,2.47356810172918e-08,"intergenic","INCENP;SCGB1D1"
"149","Cancer of larynx, pharynx, nasal cavities","rs562466727","chr2:51217031_T/C",0.000342896540373511,4.08998597638819e-08,"intronic","NRXN1"
"150","Cancer of esophagus","rs560318826","chr1:178954726_TRUE/C",0.000142407967186509,3.56069975806892e-08,".","."
"151","Cancer of stomach","rs140032208","chr2:104733998_G/A",0.0019083194256841,1.74506138125972e-08,"intergenic","LINC01935;LOC100287010"
"151","Cancer of stomach","rs767986531","chr3:124703095_G/A",0.000237108091862842,4.38453300476133e-08,"intronic","HEG1"
"151","Cancer of stomach","2:117074337_A_G","chr2:117074337_A/G",3.72148649224414e-05,4.74789070347503e-08,"intergenic","DPP10;DDX18"
"153.2","Colon cancer","rs6983267","chr8:128413305_G/T",0.480786859975593,1.00560915781991e-11,"ncRNA_exonic","CCAT2"
"153.2","Colon cancer","rs10505477","chr8:128407443_A/G",0.490197824398732,1.31841952278892e-10,"ncRNA_intronic","CASC8"
"153.2","Colon cancer","rs6998061","chr8:128428638_G/A",0.416006376158306,2.85114214013241e-09,"exonic","POU5F1B"
"153.2","Colon cancer","rs6086193","chr20:7749309_C/T",0.218994298758243,2.38527467966294e-08,"intergenic","MIR8062;HAO1"
"153","Colorectal cancer","rs6983267","chr8:128413305_G/T",0.480786859975593,4.7701593951318e-15,"ncRNA_exonic","CCAT2"
"153","Colorectal cancer","rs10505477","chr8:128407443_A/G",0.490197824398732,8.94594170403781e-14,"ncRNA_intronic","CASC8"
"153","Colorectal cancer","rs6507874","chr18:46448805_T/C",0.472344873089979,4.17179037357329e-13,"intronic","SMAD7"
"153","Colorectal cancer","rs6998061","chr8:128428638_G/A",0.416006376158306,1.24122084263524e-12,"exonic","POU5F1B"
"153","Colorectal cancer","rs58658771","chr15:33001734_T/A",0.179735524299117,3.21395096633466e-11,"intergenic","SCG5;GREM1"
"153","Colorectal cancer","rs2293582","chr15:33010412_G/A",0.19341423401893,2.26938128126419e-09,"ncRNA_exonic","LOC100131315"
"153","Colorectal cancer","rs73376930","chr15:33012502_A/G",0.193969188312936,2.81312134290535e-09,"intronic","GREM1"
"153","Colorectal cancer","rs1406389","chr15:33009478_A/T",0.19905426958858,7.51515344775038e-09,"upstream;downstream","GREM1;LOC100131315"
"155","Cancer of liver and intrahepatic bile duct","rs7680411","chr4:183771387_C/T",0.119341540181324,2.11441841366289e-08,"intergenic","TENM3;DCTD"
"165.1","Cancer of bronchus; lung","rs11780856","chr8:13018365_C/T",0.181831938791971,3.95659722045519e-10,"intronic","DLC1"
"165.1","Cancer of bronchus; lung","rs148959115","chr18:36478939_T/G",0.000360064265335654,3.23780446006021e-09,"intergenic","MIR4318;MIR924HG"
"165.1","Cancer of bronchus; lung","rs116386113","chr13:61749053_G/A",0.000161350281924889,1.53882027004233e-08,"intergenic","LINC00378;MIR3169"
"165.1","Cancer of bronchus; lung","rs139960906","chr13:61780760_G/A",0.000161333108475458,1.54013814209574e-08,"intergenic","MIR3169;PCDH20"
"165.1","Cancer of bronchus; lung","rs115124906","chr8:3720344_T/G",0.0130522165599411,1.99001534918492e-08,"intronic","CSMD1"
"165.1","Cancer of bronchus; lung","rs13178866","chr5:1323212_C/T",0.437247219704405,2.32870282517917e-08,"intronic","CLPTM1L"
"165.1","Cancer of bronchus; lung","rs4404721","chr5:1306165_T/C",0.369566804317587,2.34256182724377e-08,"intergenic","TERT;MIR4457"
"165.1","Cancer of bronchus; lung","rs61574973","chr5:1309168_T/C",0.369403822557968,2.61697896067179e-08,"downstream","MIR4457"
"165.1","Cancer of bronchus; lung","rs37005","chr5:1356450_C/T",0.441028223648206,3.51281663286994e-08,"intergenic","CLPTM1L;LINC01511"
"165","Cancer within the respiratory system","rs2735948","chr5:1299213_A/G",0.412622313600242,8.51910664207224e-10,"intergenic","TERT;MIR4457"
"165","Cancer within the respiratory system","rs11780856","chr8:13018365_C/T",0.181831938791971,1.27670167322153e-09,"intronic","DLC1"
"165","Cancer within the respiratory system","rs13178866","chr5:1323212_C/T",0.437247219704405,1.33597251870844e-09,"intronic","CLPTM1L"
"165","Cancer within the respiratory system","rs37008","chr5:1351538_G/A",0.434817915067652,3.76060927747006e-09,"intergenic","CLPTM1L;LINC01511"
"165","Cancer within the respiratory system","rs60622800","chr5:1309904_G/A",0.393131581939161,4.31038471880705e-09,"upstream","MIR4457"
"165","Cancer within the respiratory system","rs13356727","chr5:1312457_G/A",0.420403391733367,7.42389049313049e-09,"intergenic","MIR4457;CLPTM1L"
"165","Cancer within the respiratory system","rs148959115","chr18:36478939_T/G",0.000360064265335654,1.01237943695517e-08,"intergenic","MIR4318;MIR924HG"
"165","Cancer within the respiratory system","rs777694908","chr4:177303440_T/G",0.000342020694456778,2.72529355367306e-08,"intergenic","SPCS3;VEGFC"
"165","Cancer within the respiratory system","rs116386113","chr13:61749053_G/A",0.000161350281924889,3.44795424054128e-08,"intergenic","LINC00378;MIR3169"
"165","Cancer within the respiratory system","rs139960906","chr13:61780760_G/A",0.000161333108475458,3.45113626785173e-08,"intergenic","MIR3169;PCDH20"
"165","Cancer within the respiratory system","rs115124906","chr8:3720344_T/G",0.0130522165599411,4.23268249825725e-08,"intronic","CSMD1"
"170","Cancer of bone and connective tissue","rs762343499","chr11:33563301_A/TRUE",0.000133346110373307,2.60885586715521e-08,".","."
"172","Skin cancer","rs12203592","chr6:396321_C/T",0.214977841098194,2.32885144656563e-108,"intronic","IRF4"
"172","Skin cancer","rs62389423","chr6:421281_G/A",0.171661421322761,1.53250192918948e-85,"intergenic","IRF4;EXOC2"
"172","Skin cancer","rs1805007","chr16:89986117_C/T",0.104819780104284,6.89226568395882e-83,"exonic","MC1R"
"172","Skin cancer","rs75570604","chr16:89846677_G/C",0.10288602679998,2.50200044549718e-79,"intronic","FANCA"
"172","Skin cancer","rs12925026","chr16:89792856_C/T",0.101879319194099,1.05664457749832e-78,"intronic","ZNF276"
"172","Skin cancer","rs34714188","chr16:89781756_T/A",0.102007559065509,1.30665886963984e-77,"ncRNA_intronic","VPS9D1-AS1"
"172","Skin cancer","rs35063026","chr16:89736157_C/T",0.102261840606837,8.81088711364866e-77,"UTR3","SPATA33"
"172","Skin cancer","rs35749174","chr16:89716493_G/A",0.102492737634463,2.68916869700873e-76,"intronic","CHMP1A"
"172","Skin cancer","rs146972365","chr16:90022693_T/C",0.0974314988311495,3.30825443672706e-69,"intronic","DEF8"
"172","Skin cancer","rs113891247","chr16:90047757_T/A",0.0973453224618484,6.14883328131603e-69,"ncRNA_intronic","AFG3L1P"
"172","Skin cancer","rs77110324","chr16:89683288_G/A",0.0947170691379036,8.1153925452944e-68,"intronic","DPEP1"
"172","Skin cancer","rs77381714","chr16:90078022_T/C",0.0972946493370365,2.85887926212927e-65,"exonic","DBNDD1"
"172","Skin cancer","rs35414122","chr16:89742979_A/G",0.114845164752337,8.90219978651021e-65,"intergenic","SPATA33;CDK10"
"172","Skin cancer","rs7191697","chr16:89678165_G/A",0.10073426800404,4.949596576703e-64,"intergenic","CPNE7;DPEP1"
"172","Skin cancer","rs34265416","chr16:89769725_C/A",0.117869918676859,2.47007436406512e-62,"intergenic","SPATA2L;VPS9D1"
"172","Skin cancer","rs34395984","chr16:89659511_C/T",0.091796128715262,2.73443867401878e-62,"intronic","CPNE7"
"172","Skin cancer","rs12921177","chr16:89708037_G/A",0.111136363714427,7.44489882240025e-62,"intergenic","DPEP1;CHMP1A"
"172","Skin cancer","rs258322","chr16:89755903_A/G",0.118609974133351,4.31931275578435e-60,"intronic","CDK10"
"172","Skin cancer","rs77270200","chr16:90093075_G/A",0.104821239847486,1.72756825506965e-58,"intronic","GAS8"
"172","Skin cancer","rs74583214","chr16:90110798_C/T",0.103169148287368,1.39432964157348e-57,"ncRNA_intronic","URAHP"
"172","Skin cancer","rs34177108","chr16:89893375_C/A",0.272072467835074,5.47062457426558e-54,"intergenic","FANCA;SPIRE2"
"172","Skin cancer","rs6059655","chr20:32665748_A/G",0.10482750815651,2.2702853343471e-51,"intronic","RALY"
"172","Skin cancer","rs74836424","chr16:89507330_C/T",0.084224263267606,8.62580036699747e-51,"ncRNA_intronic","LOC101927817"
"172","Skin cancer","rs11076664","chr16:90122562_A/G",0.207688690699534,6.95996320432434e-49,"downstream","PRDM7"
"172","Skin cancer","rs62211989","chr20:32538391_G/C",0.100219407990275,3.04955536334012e-48,"intergenic","CHMP4B;RALY-AS1"
"172","Skin cancer","rs1205312","chr20:32849416_A/G",0.102304373516526,7.17848757053389e-45,"intronic","ASIP"
"172","Skin cancer","rs2424995","chr20:33164515_T/A",0.0981306986516153,4.12072169978311e-44,"intronic","PIGU"
"172","Skin cancer","rs55695988","chr20:33090447_G/A",0.110488094620704,3.43188216993265e-41,"intronic","ITCH"
"172","Skin cancer","rs67689854","chr16:89625227_C/A",0.132251205662109,6.90303159877079e-41,"intergenic","SPG7;RPL13"
"172","Skin cancer","rs62211621","chr20:33411661_T/C",0.1042016618634,7.8900013461443e-41,"intronic","NCOA6"
"172","Skin cancer","rs55637757","chr16:89535888_C/T",0.132673019927192,2.6102885105912e-40,"intronic","ANKRD11"
"172","Skin cancer","rs4621232","chr20:33662737_C/T",0.102624761389225,4.31792813731227e-39,"intronic","TRPC4AP"
"172","Skin cancer","rs72811597","chr16:89896005_C/G",0.296269709252506,2.02206725836655e-38,"intronic","SPIRE2"
"172","Skin cancer","rs12920340","chr16:89601765_A/T",0.139269467793694,2.7430480050676e-38,"intronic","SPG7"
"172","Skin cancer","rs1885120","chr20:33576989_C/G",0.100090944863739,6.72832754933979e-38,"intronic","MYH7B"
"172","Skin cancer","rs4911466","chr20:33690010_C/T",0.099502273363978,1.58701750184803e-37,"intergenic","TRPC4AP;EDEM2"
"172","Skin cancer","rs2425025","chr20:33847154_G/A",0.0919535291037642,4.81821559274449e-37,"intronic","MMP24"
"172","Skin cancer","rs6719014","chr2:202176024_T/C",0.267071685298141,9.58663115364991e-36,"intronic","ALS2CR12"
"172","Skin cancer","rs3769818","chr2:202151163_A/G",0.266947979217378,1.87939595908499e-35,"intronic","CASP8"
"172","Skin cancer","rs801108","chr1:228989074_C/G",0.244233470526298,7.72658529857674e-33,"intergenic","RHOU;MIR4454"
"172","Skin cancer","rs111930714","chr20:32358743_G/A",0.090658948689524,8.30026115017517e-33,"intronic","ZNF341"
"172","Skin cancer","rs113849132","chr16:89570919_G/A",0.067413946420914,5.02908829163763e-32,"intergenic","ANKRD11;SPG7"
"172","Skin cancer","rs76771178","chr20:32130651_G/C",0.0905179088739402,5.6805874000852e-32,"intronic","CBFA2T2"
"172","Skin cancer","rs75399011","chr20:32069986_G/A",0.0915907113620812,5.7873431588664e-32,"intergenic","SNTA1;CBFA2T2"
"172","Skin cancer","rs62211528","chr20:33943897_G/A",0.090342642373529,6.58177170819072e-32,"intronic","UQCC1"
"172","Skin cancer","rs7528427","chr1:17746273_C/T",0.363815650805616,4.392933120976e-31,"intronic","RCC2"
"172","Skin cancer","rs10178982","chr2:202227640_G/C",0.392654320330397,1.05797736278993e-30,"intergenic","ALS2CR12;TRAK2"
"172","Skin cancer","rs12052257","chr2:202241594_A/G",0.399248867668606,2.089857575527e-30,"downstream","TRAK2"
"172","Skin cancer","rs293721","chr20:32029439_T/C",0.0909700800729276,3.049826330289e-30,"intronic","SNTA1"
"172","Skin cancer","rs6675912","chr1:17769290_T/G",0.366555897917813,3.32786134085378e-30,"intergenic","RCC2;ARHGEF10L"
"172","Skin cancer","rs1126809","chr11:89017961_G/A",0.304591899879243,3.65940513876012e-30,"exonic","TYR"
"172","Skin cancer","rs117119427","chr20:32397556_C/T",0.102583430621005,6.48469521354098e-30,"ncRNA_intronic","ZNF341-AS1"
"172","Skin cancer","rs214803","chr20:2290333_C/A",0.178865254024512,1.42815178107219e-29,"exonic","TGM3"
"172","Skin cancer","rs291699","chr20:31982199_T/C",0.0901686066367688,3.02993969267558e-29,"intronic","CDK5RAP1"
"172","Skin cancer","rs60724534","chr16:89636788_G/A",0.350535388010704,4.88325390281146e-29,"intergenic","RPL13;CPNE7"
"172","Skin cancer","rs619865","chr20:33867697_A/G",0.122456397470557,5.90509922707158e-29,"intronic","EIF6"
"172","Skin cancer","rs137942933","chr20:33104122_G/T",0.0388201817342814,1.87269110223519e-28,"upstream","DYNLRB1"
"172","Skin cancer","rs2526829","chr1:17728231_A/G",0.380795824516195,8.81911700746424e-28,"downstream","PADI6"
"172","Skin cancer","rs2526827","chr1:17730825_G/A",0.380699155169327,1.08713481814399e-27,"intergenic","PADI6;RCC2"
"172","Skin cancer","rs3213180","chr20:32263624_G/C",0.107912123001429,2.04615825858155e-27,"UTR3","E2F1"
"172","Skin cancer","rs214756","chr20:2274381_G/A",0.174509695156388,8.65582997650672e-27,"intergenic","LOC388780;TGM3"
"172","Skin cancer","rs293724","chr20:31928890_T/C",0.0874647042680482,3.40707819213061e-26,"intergenic","BPIFB1;CDK5RAP1"
"172","Skin cancer","rs2425070","chr20:34269391_A/G",0.0796307605330675,3.88639860430701e-26,"intronic","NFS1"
"172","Skin cancer","rs77476954","chr10:8938561_A/G",0.11683540725633,2.02950470781135e-25,"intergenic","LOC105376398;LOC105755953"
"172","Skin cancer","rs78539108","chr10:8939198_A/T",0.116812623813413,2.23529310929976e-25,"upstream","LOC105755953"
"172","Skin cancer","rs1954772","chr11:89033269_C/T",0.334279332795479,2.5572968583456e-25,"intergenic","TYR;NOX4"
"172","Skin cancer","rs138501911","chr10:8962477_C/T",0.116769432588086,2.9428199726461e-25,"intergenic","LOC105755953;LOC101928272"
"172","Skin cancer","rs11018578","chr11:89058101_T/C",0.325308432289648,2.06727974507551e-24,"UTR3","NOX4"
"172","Skin cancer","rs57119673","chr16:89784992_A/G",0.441817297853889,3.96467981102942e-24,"intronic","VPS9D1"
"172","Skin cancer","rs1035140","chr2:202152491_T/A",0.451231880150386,7.5984013933766e-24,"downstream","ALS2CR12;CASP8"
"172","Skin cancer","rs12932628","chr16:89632725_G/T",0.470750919380427,1.17379435378219e-23,"UTR3","RPL13"
"172","Skin cancer","rs1204552","chr20:34638903_T/A",0.0789667433864529,7.38640212792517e-23,"upstream","NORAD"
"172","Skin cancer","rs11546155","chr20:33451148_G/A",0.162721507444419,1.10572136072323e-22,"exonic","GGT7"
"172","Skin cancer","rs4911523","chr20:34545495_A/G",0.0873343864092196,1.72949002040992e-22,"intergenic","SCAND1;CNBD2"
"172","Skin cancer","rs4911483","chr20:33874188_G/A",0.195301876611466,2.34493424085506e-22,"UTR3","FAM83C"
"172","Skin cancer","rs6058104","chr20:33271052_G/A",0.175985489809104,2.45825679339295e-22,"intergenic","PIGU;TP53INP2"
"172","Skin cancer","rs6059915","chr20:33147737_C/G",0.178692357460081,3.90695509045763e-22,"UTR3","MAP1LC3A"
"172","Skin cancer","rs16891982","chr5:33951693_C/G",0.0228727162317605,1.33737582547886e-21,"exonic","SLC45A2"
"172","Skin cancer","rs11170164","chr12:52913668_C/T",0.077858323163789,3.34353598384949e-21,"exonic","KRT5"
"172","Skin cancer","rs79447658","chr20:34040255_T/C",0.114028836282636,4.40071967415093e-21,"intronic","GDF5"
"172","Skin cancer","rs67279079","chr11:88893001_C/T",0.282705569338322,5.73888653261931e-21,"intergenic","GRM5;TYR"
"172","Skin cancer","rs62211622","chr20:33417814_C/A",0.182310465511534,9.63840020458779e-21,"intergenic","NCOA6;HMGB3P1"
"172","Skin cancer","rs11611584","chr12:52906035_C/A",0.0899949258181217,1.62465988047942e-20,"intergenic","KRT6A;KRT5"
"172","Skin cancer","rs7265992","chr20:33525407_G/A",0.178798535173504,1.7214310697358e-20,"intronic","GSS"
"172","Skin cancer","rs74415461","chr16:89990843_C/T",0.0878224272198181,1.96946976317722e-20,"intronic","TUBB3"
"172","Skin cancer","rs1205339","chr20:32924967_A/G",0.201283761141161,3.23868059914699e-20,"intergenic","AHCY;ITCH"
"172","Skin cancer","rs4911448","chr20:33496471_C/T",0.179454572390861,3.53940558134066e-20,"intronic","ACSS2"
"172","Skin cancer","rs78498439","chr16:89967514_G/A",0.0872782521275728,7.39809057852023e-20,"intronic","TCF25"
"172","Skin cancer","rs6059908","chr20:33132159_T/C",0.207822386003485,1.10362357097568e-19,"intergenic","DYNLRB1;MAP1LC3A"
"172","Skin cancer","rs77688320","chr2:202367589_T/G",0.155923746678827,1.56476831364182e-19,"intronic","C2CD6"
"172","Skin cancer","rs75653149","chr20:34726973_C/A",0.0886691813176226,2.16571854855061e-19,"intronic","EPB41L1"
"172","Skin cancer","rs35251485","chr8:77483430_G/A",0.0633271405874416,2.50660505633109e-19,"intergenic","LINC01111;ZFHX4-AS1"
"172","Skin cancer","rs117382825","chr16:89262162_C/T",0.0341698921267339,2.87804970400229e-19,"downstream","CDH15;SLC22A31"
"172","Skin cancer","rs117156175","chr16:89235401_C/T",0.0339464712740666,9.16288498997217e-19,"ncRNA_exonic","LINC02138"
"172","Skin cancer","rs7118021","chr11:88791508_G/A",0.2561644325727,9.95373675659551e-19,"intronic","GRM5"
"172","Skin cancer","rs6060612","chr20:34390527_A/G",0.111648487425501,1.16921860452471e-18,"intronic","PHF20"
"172","Skin cancer","rs117587601","chr16:89312578_A/T",0.0350085174585295,1.38715306017416e-18,"intergenic","ZNF778;ANKRD11"
"172","Skin cancer","rs2425067","chr20:34208516_C/T",0.119000715903853,1.5186241462235e-18,"intronic","SPAG4"
"172","Skin cancer","rs2671427","chr6:385735_T/C",0.373248975059891,2.1396046261188e-18,"intergenic","DUSP22;IRF4"
"172","Skin cancer","rs139810560","chr16:90011739_C/A",0.0909735548342037,5.57812431109432e-18,"intergenic","TUBB3;DEF8"
"172","Skin cancer","rs6088316","chr20:32426842_A/G",0.190889158779188,6.95247980250931e-18,"intronic","CHMP4B"
"172","Skin cancer","rs7605375","chr2:202330630_G/A",0.371309926608649,9.41070743905431e-18,"intronic","STRADB"
"172","Skin cancer","rs11170118","chr12:52817356_G/T",0.0840264079567753,2.19089469156929e-17,"downstream","KRT75"
"172","Skin cancer","rs11170148","chr12:52877711_G/T",0.0587838701925568,9.60508346982693e-17,"intergenic","KRT6C;KRT6A"
"172","Skin cancer","rs17718783","chr3:71555553_C/T",0.332147546721206,1.60879535538723e-16,"intronic","FOXP1"
"172","Skin cancer","rs10504623","chr8:77437258_T/A",0.0669010098331619,1.79474099751966e-16,"downstream","LINC01111"
"172","Skin cancer","rs369805468","chr16:89083136_C/T",0.0329564333631464,1.92286387865531e-16,"intergenic","CBFA2T3;ACSF3"
"172","Skin cancer","rs2425192","chr20:34830585_A/G",0.115634158815217,3.11504246911317e-16,"intronic","AAR2"
"172","Skin cancer","rs2746089","chr20:34646012_T/C",0.134714313371692,3.24912549085688e-16,"intergenic","NORAD;EPB41L1"
"172","Skin cancer","rs9274700","chr6:32637180_A/G",0.282836974848809,3.94020413772961e-16,"intergenic","HLA-DQB1;HLA-DQA2"
"172","Skin cancer","rs340797","chr2:16490831_G/T",0.104061864260377,4.76707053491684e-16,"intergenic","GACAT3;FAM49A"
"172","Skin cancer","rs117186940","chr20:31760550_C/T",0.0758192737167142,5.19253236582331e-16,"intronic","BPIFA2"
"172","Skin cancer","rs6500472","chr16:90163588_A/C",0.436091635465404,5.70307773709658e-16,"intergenic","PRDM7;FAM157B"
"172","Skin cancer","rs2540438","chr2:202350556_C/A",0.298501273067807,5.90276918585143e-16,"intergenic","STRADB;C2CD6"
"172","Skin cancer","rs157935","chr7:130585553_T/G",0.302872946356017,6.65310294287254e-16,"ncRNA_intronic","LINC-PINT"
"172","Skin cancer","rs2425241","chr20:35018412_T/C",0.0796285337091258,7.13567561415793e-16,"intronic","DLGAP4"
"172","Skin cancer","rs16897870","chr8:101025631_C/T",0.153958004962667,8.28005698262603e-16,"intronic","RGS22"
"172","Skin cancer","rs200930495","chr6:32612460_G/A",0.245162702977481,2.08557280646914e-15,"intergenic","HLA-DQA1;HLA-DQB1"
"172","Skin cancer","rs1015363","chr20:32738335_G/A",0.467599654378615,2.91545670004173e-15,"intergenic","EIF2S2;ASIP"
"172","Skin cancer","rs9273392","chr6:32627046_C/A",0.142120643940465,9.94922184628882e-15,"upstream;downstream","HLA-DQB1-AS1;HLA-DQB1"
"172","Skin cancer","rs28366298","chr6:32560859_A/C",0.260259596151626,1.02108782177733e-14,"intergenic","HLA-DRB1;HLA-DQA1"
"172","Skin cancer","rs80252786","chr2:201923482_C/G",0.157392431523495,1.35212801919214e-14,"intronic","FAM126B"
"172","Skin cancer","rs11757159","chr6:32520272_C/T",0.395284972212765,1.46969422595329e-14,"downstream","HLA-DRB6"
"172","Skin cancer","rs9302777","chr16:90269854_A/G",0.399447507233353,1.98563481929605e-14,"intergenic","FAM157C;NONE"
"172","Skin cancer","rs9272451","chr6:32605501_C/G",0.389877007189945,2.4141179877497e-14,"intronic","HLA-DQA1"
"172","Skin cancer","rs62211513","chr20:33802063_G/A",0.0130849835011693,2.55718891444809e-14,"intergenic","PROCR;MMP24"
"172","Skin cancer","rs2270282","chr2:201676441_G/A",0.427412809538546,2.60214778700624e-14,"ncRNA_intronic","LOC101927795"
"172","Skin cancer","rs37002","chr5:1356944_C/T",0.496096755443105,2.85112830447886e-14,"intergenic","CLPTM1L;LINC01511"
"172","Skin cancer","rs6709748","chr2:201678985_T/C",0.426473811119305,2.98565660520824e-14,"intronic","BZW1"
"172","Skin cancer","rs12926012","chr16:90096003_C/G",0.286157930704624,3.74086623808397e-14,"ncRNA_exonic","GAS8-AS1"
"172","Skin cancer","rs2853677","chr5:1287194_G/A",0.422435085219808,5.59509864465522e-14,"intronic","TERT"
"172","Skin cancer","rs71550013","chr6:553489_T/C",0.111974284934766,9.18453321346305e-14,"intronic","EXOC2"
"172","Skin cancer","rs10757265","chr9:22048859_T/C",0.472850264808868,9.72046600796818e-14,"ncRNA_intronic","CDKN2B-AS1"
"172","Skin cancer","rs666210","chr20:33723810_T/C",0.263055880229155,1.06613522056322e-13,"intronic","EDEM2"
"172","Skin cancer","rs35517695","chr6:32545385_G/A",0.227931201558874,1.27393620764574e-13,"intergenic","HLA-DRB6;HLA-DRB1"
"172","Skin cancer","rs28732310","chr6:32549005_T/C",0.154814799803967,1.56577090803057e-13,"intronic","HLA-DRB1"
"172","Skin cancer","rs28746844","chr6:32634139_C/T",0.202545225420585,1.61628230579275e-13,"intronic","HLA-DQB1"
"172","Skin cancer","rs78378222","chr17:7571752_T/G",0.0126953694541315,1.70100185250324e-13,"UTR3","TP53"
"172","Skin cancer","rs17092378","chr20:33736188_C/T",0.265628503025905,1.70663922986211e-13,"intergenic","EDEM2;PROCR"
"172","Skin cancer","rs3816659","chr5:1317820_A/G",0.418561275955238,1.88580894735681e-13,"downstream","CLPTM1L"
"172","Skin cancer","rs111321288","chr2:201697204_C/T",0.158844572611809,3.48417369396202e-13,"intergenic","BZW1;CLK1"
"172","Skin cancer","rs202207567","chr6:32512533_C/T",0.256286936512049,3.91334588612431e-13,"intergenic","HLA-DRB5;HLA-DRB6"
"172","Skin cancer","rs1798646","chr12:52868456_T/G",0.400246358856572,4.40286352576452e-13,"upstream","KRT6C"
"172","Skin cancer","rs77104104","chr16:90068733_G/A",0.103655614864951,4.6764387712212e-13,"intergenic","AFG3L1P;DBNDD1"
"172","Skin cancer","rs4024141","chr12:52844016_T/C",0.428143362352925,5.37752541413392e-13,"intronic","KRT6B"
"172","Skin cancer","rs73183650","chr7:101421000_A/T",0.250842111542005,5.71999755883317e-13,"intergenic","MYL10;CUX1"
"172","Skin cancer","rs12465952","chr2:201724360_A/G",0.192348901981163,1.10727188588715e-12,"intronic","CLK1"
"172","Skin cancer","rs4911405","chr20:32674967_C/T",0.349753704112698,2.22962013507587e-12,"intergenic","RALY;EIF2S2"
"172","Skin cancer","rs76894896","chr20:34865772_C/T",0.14363143235842,2.89121955276125e-12,"intergenic","AAR2;DLGAP4"
"172","Skin cancer","rs406520","chr12:52852007_C/T",0.368812695254965,2.94928689998723e-12,"intergenic","KRT6B;KRT6C"
"172","Skin cancer","rs113165822","chr16:89220880_C/A",0.0577379498772383,2.97901339706901e-12,"UTR3","ACSF3"
"172","Skin cancer","rs55804368","chr20:35258742_C/T",0.0737126982660751,3.11414344709685e-12,"intronic","SLA2"
"172","Skin cancer","rs298122","chr12:52885201_C/T",0.368719849862841,3.63266850032505e-12,"intronic","KRT6A"
"172","Skin cancer","rs6059662","chr20:32675727_A/G",0.345424409173267,3.71114306686885e-12,"downstream","EIF2S2"
"172","Skin cancer","rs587900","chr12:52813549_C/T",0.375102167712926,3.76349133208885e-12,"intergenic","KRT82;KRT75"
"172","Skin cancer","rs3102380","chr16:89390416_T/C",0.408472962063969,4.88627457995294e-12,"intronic","ANKRD11;LOC100287036"
"172","Skin cancer","rs6707137","chr2:88554351_G/A",0.0633026111771832,4.93159786043997e-12,"intergenic","THNSL2;FOXI3"
"172","Skin cancer","rs383124","chr12:52831368_A/G",0.374987357478966,5.04565289984559e-12,"intergenic","KRT75;KRT6B"
"172","Skin cancer","rs150260898","chr20:35237202_A/G",0.0723129133007427,5.64093310703943e-12,"intronic","C20orf24;TGIF2-C20orf24"
"172","Skin cancer","rs6500546","chr16:89391092_A/G",0.408633470846873,6.2309796242001e-12,"UTR3","LOC100287036"
"172","Skin cancer","rs4911315","chr20:31886246_A/T",0.107176114754371,6.39884647410093e-12,"intronic","BPIFB1"
"172","Skin cancer","rs4812405","chr20:35276585_C/A",0.0785259581840657,8.09980154997598e-12,"intergenic","SLA2;NDRG3"
"172","Skin cancer","rs75031084","chr8:77529699_G/A",0.103776327041092,1.05704686923004e-11,"ncRNA_intronic","ZFHX4-AS1"
"172","Skin cancer","rs148297846","chr5:1298017_G/A",0.0834864174615929,1.30832911189072e-11,"intergenic","TERT;MIR4457"
"172","Skin cancer","rs56159798","chr20:35365000_T/C",0.080950059265574,1.59977599456834e-11,"intronic","NDRG3"
"172","Skin cancer","rs1045814","chr16:89762915_C/T",0.392316203733439,1.89290946622983e-11,"UTR3","SPATA2L"
"172","Skin cancer","rs73109224","chr20:35445128_A/G",0.069861054200223,1.95517812329201e-11,"intronic","SOGA1"
"172","Skin cancer","rs9273471","chr6:32628030_G/A",0.282247696553987,2.10045308540455e-11,"ncRNA_intronic","HLA-DQB1-AS1"
"172","Skin cancer","rs62541919","chr9:16863364_T/C",0.382863736807501,2.16248419293584e-11,"intronic","BNC2"
"172","Skin cancer","rs4975615","chr5:1315343_G/A",0.398238387628336,3.12197561312116e-11,"intergenic","MIR4457;CLPTM1L"
"172","Skin cancer","rs117776753","chr16:89024614_C/T",0.0326937826274396,3.83027946190683e-11,"intronic","CBFA2T3"
"172","Skin cancer","rs79596865","chr12:52741307_G/C",0.0307862131090235,4.72470825476162e-11,"intergenic","KRT83;KRT85"
"172","Skin cancer","rs12350739","chr9:16885017_G/A",0.388123002656263,5.32670066883993e-11,"intergenic","BNC2;CNTLN"
"172","Skin cancer","rs9268399","chr6:32340236_G/A",0.373215635670102,5.92179381310644e-11,"ncRNA_intronic","LOC101929163"
"172","Skin cancer","rs9268846","chr6:32429245_C/G",0.373888233817222,6.5383896034402e-11,"intergenic","HLA-DRA;HLA-DRB5"
"172","Skin cancer","rs2849699","chr21:43089086_C/G",0.319804776806401,7.53405229021875e-11,"intergenic","TMPRSS2;LINC00111"
"172","Skin cancer","rs56407236","chr16:90170095_G/A",0.0699727903867152,8.03482076511932e-11,"ncRNA_intronic","FAM157B;FAM157C"
"172","Skin cancer","rs704249","chr3:71657226_T/G",0.493667633989828,8.38954983167326e-11,"intergenic","FOXP1;EIF4E3"
"172","Skin cancer","rs1800440","chr2:38298139_T/C",0.185508545336704,1.03936237340407e-10,"exonic","CYP1B1"
"172","Skin cancer","rs17305657","chr20:31806588_T/C",0.103135236449204,1.0719718914845e-10,"intronic","BPIFA3"
"172","Skin cancer","rs1415775","chr20:33765771_C/T",0.288141630124429,1.15310522219626e-10,"downstream","PROCR"
"172","Skin cancer","rs138420351","chr17:7700063_C/T",0.0117918971772482,1.19692278823972e-10,"intronic","DNAH2"
"172","Skin cancer","rs10876275","chr12:52703382_C/A",0.0310862103726587,1.34445203773822e-10,"downstream","KRT86"
"172","Skin cancer","rs11699072","chr20:31857165_C/T",0.138730164236591,1.42011213930513e-10,"intergenic","BPIFA1;BPIFB1"
"172","Skin cancer","rs2424952","chr20:31685873_T/C",0.068206546908328,1.6124686504164e-10,"intronic","BPIFB4"
"172","Skin cancer","rs17197839","chr6:31221299_G/A",0.124147186536707,1.6833389168803e-10,"intergenic","HCG27;HLA-C"
"172","Skin cancer","rs77250061","chr16:88930373_G/A",0.0516641988419612,2.3640406198084e-10,"intronic","PABPN1L"
"172","Skin cancer","rs75898184","chr16:88929011_A/G",0.0516906917499603,2.3801485858625e-10,"UTR3","TRAPPC2L"
"172","Skin cancer","rs121918166","chr15:28230247_C/T",0.00912631449875338,3.47989352450742e-10,"exonic","OCA2"
"172","Skin cancer","rs204295","chr6:167500562_C/T",0.461882011990976,3.70296515619298e-10,"intergenic","FGFR1OP;CCR6"
"172","Skin cancer","rs3087243","chr2:204738919_G/A",0.451359896766961,3.97694505009546e-10,"downstream","CTLA4"
"172","Skin cancer","rs56024251","chr20:35390678_T/C",0.0856472152164602,4.56291526215439e-10,"intronic","DSN1"
"172","Skin cancer","rs1034483","chr8:77606596_G/T",0.0457395190724311,4.67966337135177e-10,"intronic","ZFHX4"
"172","Skin cancer","rs11688943","chr2:201740268_T/C",0.430783350867413,5.17768406557924e-10,"intronic","PPIL3"
"172","Skin cancer","rs34021093","chr6:31303472_C/T",0.216385680411414,5.73536424707596e-10,"intergenic","HLA-C;HLA-B"
"172","Skin cancer","rs34467061","chr6:31169575_G/A",0.187363621344647,6.85689450977056e-10,"ncRNA_intronic","HCG27"
"172","Skin cancer","rs7750593","chr6:167387359_C/G",0.334084574429901,6.86572773879835e-10,"intergenic","RNASET2;MIR3939"
"172","Skin cancer","rs117744081","chr7:29132279_A/G",0.0322136129812043,7.50853848588143e-10,"exonic","CPVL"
"172","Skin cancer","rs61574973","chr5:1309168_T/C",0.369403822557968,8.74146322773962e-10,"downstream","MIR4457"
"172","Skin cancer","rs2247315","chr6:167370211_A/C",0.335057656421805,8.75676115651575e-10,"upstream","RNASET2"
"172","Skin cancer","rs231723","chr2:204739781_A/G",0.383272281720598,8.79906354390347e-10,"intergenic","CTLA4;ICOS"
"172","Skin cancer","rs62136339","chr2:38291500_G/T",0.428158108621627,1.09885612512935e-09,"intronic","RMDN2"
"172","Skin cancer","rs6734590","chr2:38395520_G/A",0.101971906984461,1.31047783811607e-09,"ncRNA_intronic","CYP1B1-AS1"
"172","Skin cancer","rs55890913","chr6:32385596_T/C",0.112330759949183,1.31745481238851e-09,"intergenic","LOC101929163;HLA-DRA"
"172","Skin cancer","rs2428735","chr1:17685174_T/C",0.307258581658543,1.9836063059386e-09,"intronic","PADI4"
"172","Skin cancer","rs532693524","chr2:14662278_G/A",0.000110013117077326,2.12406681339788e-09,"intergenic","LINC00276;FAM84A"
"172","Skin cancer","rs1230","chr16:89804855_C/T",0.414708235115516,2.69282857248e-09,"UTR3","FANCA;ZNF276"
"172","Skin cancer","rs1265163","chr6:31134087_C/G",0.129825181154131,2.82333124554242e-09,"UTR5","POU5F1"
"172","Skin cancer","rs1265107","chr6:31121529_G/T",0.129786185974948,2.94071153139153e-09,"intronic","CCHCR1"
"172","Skin cancer","rs16822616","chr6:32410083_C/A",0.118561619424224,3.27512598153631e-09,"intronic","HLA-DRA"
"172","Skin cancer","rs2300560","chr12:96378259_C/T",0.355658210803639,4.03014495301786e-09,"intronic","HAL"
"172","Skin cancer","rs1265090","chr6:31108169_G/A",0.129614125185058,4.74235875189093e-09,"downstream","PSORS1C1"
"172","Skin cancer","rs17396317","chr20:31790377_G/A",0.137458178357263,4.93101859594223e-09,"ncRNA_exonic","BPIFA4P"
"172","Skin cancer","rs13043023","chr20:2182626_T/C",0.0997640768761247,5.52995185318225e-09,"intergenic","STK35;LOC388780"
"172","Skin cancer","rs1870940","chr1:154984363_G/A",0.272427380065474,6.57685447188631e-09,"intronic","ZBTB7B"
"172","Skin cancer","rs1074683","chr20:32304653_C/G",0.26216157284983,7.08589026021094e-09,"intronic","PXMP4"
"172","Skin cancer","rs6048276","chr20:2322725_G/A",0.379722718630359,7.11486136855386e-09,"intergenic","TGM3;TGM6"
"172","Skin cancer","rs55775505","chr6:22057566_C/T",0.313126531800125,7.1858557375157e-09,"ncRNA_intronic","CASC15"
"172","Skin cancer","rs4638909","chr3:98471376_C/T",0.241010981504981,7.43381607132774e-09,"intronic","ST3GAL6"
"172","Skin cancer","rs72928038","chr6:90976768_G/A",0.180481189749099,8.46687776874859e-09,"intronic","BACH2"
"172","Skin cancer","rs41372848","chr2:202087263_C/T",0.0526635390380888,8.64586472629175e-09,"intronic","CASP10"
"172","Skin cancer","rs1093782","chr20:32892421_G/T",0.101068755278679,8.98407884596057e-09,"intronic","AHCY"
"172","Skin cancer","rs2394987","chr6:31327217_C/A",0.112244726691959,1.02966928549289e-08,"intergenic","HLA-B;MICA"
"172","Skin cancer","rs3755569","chr3:98449742_C/T",0.254341276282676,1.05499559355468e-08,"ncRNA_intronic","ST3GAL6-AS1"
"172","Skin cancer","rs75267235","chr16:88898785_C/T",0.0497524275529449,1.07856494121445e-08,"intronic","GALNS"
"172","Skin cancer","rs819142","chr20:32861007_G/A",0.100365473901909,1.10207465253462e-08,"intergenic","ASIP;AHCY"
"172","Skin cancer","rs1050529","chr6:31324615_C/T",0.299740749607329,1.2277669197222e-08,"exonic","HLA-B"
"172","Skin cancer","rs403598","chr20:31634788_G/A",0.0606309548222023,1.23224674581155e-08,"intergenic","BPIFB6;BPIFB3"
"172","Skin cancer","rs74645632","chr20:31621354_T/A",0.0623598861194603,1.47531405312454e-08,"intronic","BPIFB6"
"172","Skin cancer","rs9268480","chr6:32363844_C/T",0.304384192732814,1.49883207548967e-08,"exonic","BTNL2"
"172","Skin cancer","rs9268478","chr6:32360258_G/A",0.304161653450552,1.63376427169073e-08,"ncRNA_intronic","HCG23;LOC101929163"
"172","Skin cancer","rs62202837","chr20:49399007_C/T",0.242009892364866,2.03116712794613e-08,"intergenic","PARD6B;BCAS4"
"172","Skin cancer","rs221981","chr20:31648856_G/A",0.0710389009541877,2.10797119223205e-08,"intronic","BPIFB3"
"172","Skin cancer","rs76798800","chr1:154994978_G/T",0.266994238765674,2.37026128823589e-08,"intronic","DCST2"
"172","Skin cancer","rs13039718","chr20:31470402_C/T",0.32654730203392,2.40366541079993e-08,"intronic","EFCAB8"
"172","Skin cancer","rs928993","chr12:52798364_G/A",0.497103136753434,2.55451282685482e-08,"intronic","KRT82"
"172","Skin cancer","rs2049218","chr3:188122978_C/T",0.450786715718623,2.55676949931503e-08,"intronic","LPP"
"172","Skin cancer","rs117249428","chr16:72370539_A/G",0.00103158048514853,3.02261206662038e-08,"ncRNA_intronic","LINC01572"
"172","Skin cancer","rs2234085","chr20:35207099_G/A",0.159647734770499,3.22702929822555e-08,"intronic","TGIF2;TGIF2-C20orf24"
"172","Skin cancer","rs162297","chr6:167455139_A/G",0.28831353062877,3.29624383969129e-08,"UTR3","FGFR1OP"
"172","Skin cancer","rs116971302","chr11:89337603_T/G",0.101862867029635,3.36086372347637e-08,"intergenic","NOX4;FOLH1B"
"172","Skin cancer","rs9268499","chr6:32375695_G/A",0.317016810402714,3.72351140118781e-08,"upstream;downstream","BTNL2;LOC101929163"
"172","Skin cancer","rs11900696","chr2:49560681_G/A",2.76378046222306e-05,3.84890569904448e-08,"intergenic","FSHR;NRXN1"
"172","Skin cancer","rs117028083","chr12:52711590_G/A",0.0479949024621962,3.88880938307631e-08,"intronic","KRT83"
"172","Skin cancer","rs11571316","chr2:204731089_G/A",0.423335649459216,3.95656296687777e-08,"intergenic","CD28;CTLA4"
"172","Skin cancer","rs747128919","chr20:35520830_A/T",0.00378817672086433,4.30365123591169e-08,"UTR3","SAMHD1"
"172","Skin cancer","rs479777","chr11:64107477_T/C",0.343153243383377,4.62725095713369e-08,"upstream","CCDC88B"
"172","Skin cancer","rs76306191","chr1:155006451_C/G",0.206129123960592,4.73011250008182e-08,"UTR5","DCST1"
"174","Breast cancer","rs2912774","chr10:123348662_T/G",0.394986262957797,4.22284692739482e-65,"intronic","FGFR2"
"174","Breast cancer","rs4784227","chr16:52599188_C/T",0.239286944640699,9.15083842095144e-53,"ncRNA_intronic","CASC16"
"174","Breast cancer","rs4784226","chr16:52583143_C/T",0.2380873620242,4.32908245129811e-51,"intergenic","TOX3;CASC16"
"174","Breast cancer","rs35668161","chr16:52538825_C/A",0.250844956610137,1.94107974064747e-50,"intronic","TOX3"
"174","Breast cancer","rs554219","chr11:69331642_C/G",0.120255957669968,5.53255409201726e-28,"intergenic","LINC01488;CCND1"
"174","Breast cancer","rs62236881","chr22:29450193_G/A",0.00270203046270879,1.64369235148068e-22,"UTR3","ZNRF3"
"174","Breast cancer","rs7709971","chr5:56007339_G/A",0.16249575672686,1.77306500319913e-21,"intergenic","C5orf67;MAP3K1"
"174","Breast cancer","rs62237617","chr22:28761148_C/T",0.00303509806553736,1.69767775967274e-20,"intronic","TTC28"
"174","Breast cancer","rs4442975","chr2:217920769_G/T",0.488073291244634,6.39119438534309e-20,"intergenic","LINC01921;DIRC3-AS1"
"174","Breast cancer","rs186430430","chr22:29103598_T/C",0.00263025116854991,1.13311471398483e-19,"intronic","CHEK2"
"174","Breast cancer","rs612611","chr11:69307463_A/G",0.155433152748781,9.77719153699602e-18,"ncRNA_exonic","LINC01488"
"174","Breast cancer","rs646157","chr3:27352143_T/A",0.475122197679459,2.02655832299517e-17,"intronic","NEK10"
"174","Breast cancer","rs72927565","chr11:69289737_C/T",0.129373662546065,4.3311823558315e-17,"intergenic","LOC102724265;LINC01488"
"174","Breast cancer","rs2014047","chr3:27412180_C/T",0.416288066524914,4.5878602806618e-16,"intergenic","NEK10;SLC4A7"
"174","Breast cancer","rs11200030","chr10:123366026_G/C",0.142905899915651,1.8733742455715e-15,"intergenic","FGFR2;ATE1"
"174","Breast cancer","rs10941679","chr5:44706498_A/G",0.253648270353229,5.02087484985626e-15,"intergenic","LINC02224;BRCAT54"
"174","Breast cancer","rs13281615","chr8:128355618_A/G",0.406953048819652,1.34657936545338e-14,"ncRNA_intronic","CASC21;CASC8"
"174","Breast cancer","rs61938093","chr12:96026737_C/T",0.294649394298166,1.01085553690402e-13,"intergenic","USP44;PGAM1P5"
"174","Breast cancer","rs6913578","chr6:151949806_A/C",0.322817406275611,3.35410549769281e-13,"intergenic","CCDC170;ESR1"
"174","Breast cancer","rs910416","chr6:152432902_C/T",0.490205867297535,7.99444634699525e-13,"intronic","ESR1"
"174","Breast cancer","rs6789070","chr3:27418924_C/T",0.358389848293211,8.61055506126983e-13,"intronic","SLC4A7"
"174","Breast cancer","rs676256","chr9:110895353_C/T",0.382307614718925,1.08359551498013e-12,"intergenic","KLF4;ACTL7B"
"174","Breast cancer","rs60590641","chr5:56141155_A/G",0.0593606290428431,3.72739228706931e-12,"intronic","MAP3K1"
"174","Breast cancer","rs6929137","chr6:151936677_G/A",0.332792255186468,8.536526446901e-12,"exonic","CCDC170"
"174","Breast cancer","rs79023617","chr3:27529568_C/T",0.364932520365139,2.1647744820049e-11,"intergenic","SLC4A7;EOMES"
"174","Breast cancer","rs56094641","chr16:53806453_A/G",0.403572878910117,2.68766919306257e-11,"intronic","FTO"
"174","Breast cancer","rs11135046","chr5:158230013_G/T",0.457191920052325,3.65682758599594e-11,"intronic","EBF1"
"174","Breast cancer","rs11075561","chr16:52651714_A/G",0.306858715061752,5.42435226653289e-11,"intergenic","CASC16;LOC105371267"
"174","Breast cancer","rs11710255","chr3:27145591_C/G",0.467180839742783,6.50978546180893e-11,"intergenic","LRRC3B;NEK10"
"174","Breast cancer","rs139074399","chr11:69237593_A/G",0.0458783148907609,1.46389580913886e-10,"intergenic","MYEOV;LOC102724265"
"174","Breast cancer","rs930395","chr5:44822458_G/A",0.222086595859392,1.58776525196669e-10,"intergenic","MRPS30;HCN1"
"174","Breast cancer","rs10039338","chr5:56260363_A/G",0.334510252721049,1.62714996465777e-10,"intergenic","MIER3;GPBP1"
"174","Breast cancer","rs252923","chr5:56205662_T/G",0.352740052479769,1.64842297982775e-10,"intronic","SETD9"
"174","Breast cancer","rs252925","chr5:56203773_G/A",0.348276146319161,1.82714534467039e-10,"intergenic","MAP3K1;SETD9"
"174","Breast cancer","rs17002034","chr22:40996367_G/T",0.097553178444848,2.35310163990768e-10,"intronic","MKL1"
"174","Breast cancer","rs112034576","chr22:40918712_C/T",0.0979950455743271,5.25006806770405e-10,"ncRNA_exonic","LOC101927257"
"174","Breast cancer","rs56051217","chr22:41049402_G/T",0.097831119274987,6.40128845989752e-10,"intergenic","MKL1;MCHR1"
"174","Breast cancer","rs10509168","chr10:64257828_T/C",0.460754804014851,7.23887812415322e-10,"intronic","ZNF365"
"174","Breast cancer","rs13404902","chr2:213545357_C/T",0.361760149193767,1.29746866736814e-09,"intergenic","ERBB4;LINC01878"
"174","Breast cancer","rs2662038","chr5:56240252_A/G",0.348741684186447,1.94625093166399e-09,"intronic","MIER3"
"174","Breast cancer","rs702680","chr5:56220382_T/C",0.348521005361208,2.0625747685636e-09,"intronic","MIER3;SETD9"
"174","Breast cancer","rs62235635","chr22:28314612_G/A",0.00769233719538674,2.83659121600728e-09,"intronic","PITPNB"
"174","Breast cancer","rs11949847","chr5:44752169_A/G",0.406294927890398,3.84495039149936e-09,"ncRNA_intronic","BRCAT54"
"174","Breast cancer","rs7913694","chr10:123095186_A/G",0.290091806971018,1.24896880140436e-08,"intergenic","WDR11;FGFR2"
"174","Breast cancer","rs6573817","chr14:68617269_G/A",0.166924239785774,1.28226376266393e-08,"intronic","RAD51B"
"174","Breast cancer","rs2548993","chr5:131808869_G/A",0.279106689825623,2.94419952841644e-08,"ncRNA_intronic","C5orf56"
"174","Breast cancer","rs812020","chr12:28151609_A/C",0.259833036289806,2.96669832858333e-08,"intergenic","PTHLH;CCDC91"
"174","Breast cancer","rs2736098","chr5:1294086_C/T",0.280603859698433,4.27269766141914e-08,"exonic","TERT"
"185","Cancer of prostate","rs6983267","chr8:128413305_G/T",0.480786859975593,9.56949786775592e-37,"ncRNA_exonic","CCAT2"
"185","Cancer of prostate","rs12682374","chr8:128410948_C/G",0.487274267887263,1.49013116934305e-36,"ncRNA_intronic","CASC8"
"185","Cancer of prostate","rs77541621","chr8:128077146_G/A",0.0290799622137699,4.70903649896514e-34,"intergenic","PCAT1;PCAT2"
"185","Cancer of prostate","rs10993994","chr10:51549496_T/C",0.389802525939637,4.48873884019971e-33,"intronic","TIMM23B"
"185","Cancer of prostate","rs10090154","chr8:128532137_T/C",0.100196630271548,1.74649423949704e-28,"intergenic","CASC8;CASC11"
"185","Cancer of prostate","rs11263763","chr17:36103565_G/A",0.478072962659322,2.58514064082104e-27,"intronic","HNF1B"
"185","Cancer of prostate","rs6998061","chr8:128428638_G/A",0.416006376158306,3.19402476814181e-27,"exonic","POU5F1B"
"185","Cancer of prostate","rs12275055","chr11:68981359_A/G",0.170242035726958,9.23757318232862e-27,"intergenic","LOC338694;MYEOV"
"185","Cancer of prostate","rs76765083","chr19:51362715_T/G",0.0733106735392499,3.59879137419086e-26,"intronic","KLK3"
"185","Cancer of prostate","rs111362352","chr19:51365440_C/T",0.0734832781550286,5.51950367725008e-26,"intergenic","KLK3;KLK2"
"185","Cancer of prostate","rs188140481","chr8:128191672_T/A",0.00592013452993754,6.66571892670667e-25,"intergenic","PRNCR1;CASC19"
"185","Cancer of prostate","rs183373024","chr8:128104117_A/G",0.00629303881094915,1.86295477887993e-24,"ncRNA_exonic","PRNCR1"
"185","Cancer of prostate","rs138042437","chr8:128208369_A/G",0.00599995672291328,2.58130851762336e-23,"ncRNA_intronic","CASC19"
"185","Cancer of prostate","rs138213197","chr17:46805705_C/T",0.00180278285444025,1.7947877058299e-20,"exonic","HOXB13"
"185","Cancer of prostate","rs10095770","chr8:128088570_G/C",0.179001147529837,4.49803436217073e-20,"ncRNA_intronic","PCAT2"
"185","Cancer of prostate","rs2659124","chr19:51354597_A/T",0.138181535496424,1.00488795171146e-18,"downstream","LOC105372441"
"185","Cancer of prostate","rs10840606","chr11:2234690_A/G",0.178864028985106,2.60160032531863e-18,"intergenic","MIR4686;ASCL2"
"185","Cancer of prostate","rs13262167","chr8:23535219_C/A",0.417293320112068,1.48740759344761e-16,"downstream","NKX3-1"
"185","Cancer of prostate","rs10956359","chr8:128342154_T/C",0.28465043958878,1.60639617212078e-16,"ncRNA_intronic","CASC21;CASC8"
"185","Cancer of prostate","rs995433","chr8:23522741_T/C",0.418747430422628,1.71826099285155e-16,"intergenic","SLC25A37;NKX3-1"
"185","Cancer of prostate","rs73351629","chr8:128018466_C/G",0.329343168224357,4.52204548803259e-16,"intergenic","FAM84B;PCAT1"
"185","Cancer of prostate","rs5759167","chr22:43500212_G/T",0.499052626661918,1.19261965357203e-15,"intergenic","TTLL1;BIK"
"185","Cancer of prostate","rs3750970","chr11:68927048_T/C",0.400347779524498,8.4346848229566e-15,"ncRNA_intronic","LOC338694"
"185","Cancer of prostate","rs6501436","chr17:69119290_G/A",0.465973843920605,2.81344497584907e-14,"ncRNA_intronic","CASC17"
"185","Cancer of prostate","rs3760511","chr17:36106313_T/G",0.320272587293508,4.05701543816983e-14,"intergenic","HNF1B;YWHAEP7"
"185","Cancer of prostate","rs78416326","chr3:170074517_G/C",0.199884125012199,4.67087949435098e-14,"upstream","SKIL"
"185","Cancer of prostate","rs11228501","chr11:68874540_C/T",0.407093865380529,1.20018587506614e-13,"intergenic","TPCN2;LOC338694"
"185","Cancer of prostate","rs17762878","chr8:128025053_A/G",0.296924904970718,2.9026467526214e-13,"upstream","PCAT1"
"185","Cancer of prostate","rs11786742","chr8:23545458_C/T",0.437179796741913,1.0110392674423e-12,"intergenic","NKX3-1;NKX2-6"
"185","Cancer of prostate","rs2220407","chr3:87198531_G/A",0.454314348313954,1.74447196453205e-11,"ncRNA_intronic","LINC00506"
"185","Cancer of prostate","rs6801665","chr3:87209149_T/C",0.452219960288084,2.33742030790986e-11,"intergenic","LINC00506;MIR4795"
"185","Cancer of prostate","rs11995647","chr8:128250570_A/G",0.0217757678735806,5.8933325167947e-11,"intergenic","CCAT1;CASC21"
"185","Cancer of prostate","rs6501455","chr17:69201811_A/G",0.495032505332639,1.42544224013085e-10,"intergenic","CASC17;LINC02095"
"185","Cancer of prostate","rs554574584","chr17:46114750_G/A",0.00200373511075186,1.632191768989e-10,"intronic","COPZ2"
"185","Cancer of prostate","rs10866528","chr5:1891821_A/G",0.463927135114839,2.01360143081731e-10,"ncRNA_intronic","CTD-2194D22.4"
"185","Cancer of prostate","rs549975035","chr17:46732251_C/T",0.00428218816764988,2.3602532676622e-10,"intergenic","MIR196A1;PRAC1"
"185","Cancer of prostate","rs35029535","chr5:1284976_C/T",0.400729316326135,2.41970708131366e-10,"intronic","TERT"
"185","Cancer of prostate","rs17435590","chr7:97784061_T/C",0.46539372479867,2.59229943281459e-10,"intronic","LMTK2"
"185","Cancer of prostate","rs1015521","chr4:106115450_G/T",0.327792176761047,3.45493404486402e-10,"ncRNA_intronic","TET2-AS1"
"185","Cancer of prostate","rs10007915","chr4:106065308_C/G",0.372903519675563,3.7283382805205e-10,"intergenic","CXXC4-AS1;TET2"
"185","Cancer of prostate","rs568360281","chr17:46054408_C/T",0.00110488249181326,5.16373686896498e-10,"intronic","CDK5RAP3"
"185","Cancer of prostate","rs117600498","chr11:2297593_C/T",0.0410247259890189,5.22974938020507e-10,"intergenic","ASCL2;C11orf21"
"185","Cancer of prostate","rs6900458","chr6:31241207_C/T",0.194701303911335,6.53468946224932e-10,"intergenic","HLA-C;HLA-B"
"185","Cancer of prostate","rs79377635","chr12:53276932_A/G",0.112201369456672,7.63805078553663e-10,"intergenic","KRT78;KRT8"
"185","Cancer of prostate","rs17120257","chr12:53303331_T/C",0.113550882011172,8.19542587495838e-10,"intronic","KRT8"
"185","Cancer of prostate","rs3105751","chr6:160822675_A/G",0.298109907328661,9.15063330623545e-10,"intronic","SLC22A3"
"185","Cancer of prostate","rs1050437","chr6:31239585_C/T",0.194925016712634,9.92084667146445e-10,"exonic","HLA-C"
"185","Cancer of prostate","rs1983891","chr6:41536427_C/T",0.275171811774873,1.18615228090724e-09,"intronic","FOXP4"
"185","Cancer of prostate","rs61850066","chr10:51467908_G/C",0.446878284779712,1.66186938445217e-09,"ncRNA_intronic","AGAP7P"
"185","Cancer of prostate","rs12156379","chr8:128262926_A/G",0.0228595785429427,1.81603572767427e-09,"ncRNA_intronic","CASC21"
"185","Cancer of prostate","rs34796934","chr7:97701575_G/A",0.483065501940435,2.4651246810347e-09,"intergenic","OCM2;LMTK2"
"185","Cancer of prostate","rs10486567","chr7:27976563_G/A",0.232126904235007,2.76370001733767e-09,"intronic","JAZF1"
"185","Cancer of prostate","rs80353656","chr2:173309402_T/C",0.0624779077884277,2.7744881295376e-09,"intronic","ITGA6"
"185","Cancer of prostate","rs528765618","chr17:46571416_G/A",0.000404520601440787,3.57990529442386e-09,"intergenic","LOC101927166;HOXB1"
"185","Cancer of prostate","rs559612720","chr17:46238735_T/C",0.00187309668090551,3.80683643897054e-09,"intronic","SKAP1"
"185","Cancer of prostate","rs12612240","chr2:238392538_G/A",0.152938743565252,3.94092243530015e-09,"intergenic","COL6A3;MLPH"
"185","Cancer of prostate","rs77956735","chr2:238399130_C/T",0.153039254040301,4.28854432152589e-09,"intronic","MLPH"
"185","Cancer of prostate","rs316025","chr6:160683381_T/C",0.272929640492143,4.63359517892584e-09,"intergenic","SLC22A2;SLC22A3"
"185","Cancer of prostate","rs6981122","chr8:128094460_A/C",0.425540548632165,8.2491842229346e-09,"ncRNA_exonic","PCAT2;PRNCR1"
"185","Cancer of prostate","rs142847236","chr17:45886772_G/A",0.000458823048553713,8.30186313541563e-09,"exonic","OSBPL7"
"185","Cancer of prostate","rs76925190","chr3:170066339_A/C",0.169514139072654,8.50476477959286e-09,"intergenic","PRKCI;SKIL"
"185","Cancer of prostate","rs2539981","chr2:63104904_T/C",0.452640555238242,1.31700504488939e-08,"intronic","EHBP1"
"185","Cancer of prostate","rs4901309","chr14:53380014_A/G",0.187147819779073,1.57812617233154e-08,"intronic","FERMT2"
"185","Cancer of prostate","rs6545977","chr2:63301164_G/A",0.483437753630381,1.59957511607561e-08,"intergenic","OTX1;DBIL5P2"
"185","Cancer of prostate","rs6517673","chr21:42892056_G/A",0.0932233225060433,1.8491826635055e-08,"intergenic","TMPRSS2;LINC00111"
"185","Cancer of prostate","rs1825899","chr3:87295368_T/A",0.498360874394182,2.11016537872838e-08,"intronic","CHMP2B"
"185","Cancer of prostate","rs78647569","chr2:173415706_C/G",0.0537227401543739,2.11405946959288e-08,"intergenic","ITGA6;PDK1"
"185","Cancer of prostate","rs7568458","chr2:85788175_T/A",0.454070525403369,2.60613162395369e-08,"intronic","GGCX"
"185","Cancer of prostate","rs569885052","chr17:46185108_G/T",0.00165209156012445,2.92511406022341e-08,"UTR5","SNX11"
"185","Cancer of prostate","rs4988462","chr3:87313353_C/T",0.431353898653527,3.27400173093031e-08,"intronic","POU1F1"
"185","Cancer of prostate","rs72811265","chr17:12578066_C/T",0.106398415096682,3.80338118145123e-08,"ncRNA_intronic","LOC101928418"
"185","Cancer of prostate","rs145830391","chr12:53351540_C/T",0.0612065000819311,4.10960064699126e-08,"intergenic","KRT18;EIF4B"
"185","Cancer of prostate","rs1058067","chr6:31321681_C/T",0.130620329036407,4.12694011417036e-08,"UTR3","HLA-B"
"185","Cancer of prostate","rs62003515","chr14:53321340_G/A",0.186270479767764,4.15339724621366e-08,"intergenic","GNPNAT1;FERMT2"
"185","Cancer of prostate","rs11891260","chr2:85796101_G/C",0.463933203066994,4.16624212672705e-08,"intergenic","GGCX;VAMP8"
"185","Cancer of prostate","rs41268860","chr6:31222661_A/C",0.132630046232359,4.41062512629745e-08,"intergenic","HCG27;HLA-C"
"185","Cancer of prostate","rs2736108","chr5:1297488_C/T",0.303956487974635,4.4798068869561e-08,"intergenic","TERT;MIR4457"
"189.2","Cancer of bladder","rs10094872","chr8:128719884_A/T",0.366188632252712,1.23182140748501e-13,"ncRNA_intronic","CASC11"
"189.2","Cancer of bladder","rs59163323","chr4:1763318_A/G",0.200242288749074,3.42015159811755e-10,"intergenic","TACC3;FGFR3"
"189.2","Cancer of bladder","rs3134867","chr4:1685979_T/G",0.179490253094277,1.88067541678588e-09,"UTR5","FAM53A"
"189.2","Cancer of bladder","rs36209093","chr1:110229787_C/T",0.324933736245292,6.08498174202993e-09,"upstream","GSTM1"
"189.2","Cancer of bladder","rs798744","chr4:1714684_C/A",0.191038562064789,9.4248928635627e-09,"upstream","SLBP"
"189.2","Cancer of bladder","rs798746","chr4:1715578_T/C",0.191062015272234,1.25513162589553e-08,"intergenic","SLBP;TMEM129"
"189.2","Cancer of bladder","rs798751","chr4:1719572_A/G",0.191458676158317,1.3097891720512e-08,"intronic","TMEM129"
"189.2","Cancer of bladder","rs798764","chr4:1731653_C/T",0.193805908880195,1.34004315382889e-08,"intronic","TACC3"
"189.2","Cancer of bladder","rs811316","chr4:1689377_T/C",0.187966752888832,1.36910449761948e-08,"intergenic","FAM53A;SLBP"
"189.2","Cancer of bladder","rs421629","chr5:1320136_G/A",0.436576001157723,2.09347024315346e-08,"intronic","CLPTM1L"
"189","Cancer of urinary organs (incl. kidney and bladder)","rs10094872","chr8:128719884_A/T",0.366188632252712,1.01600897405026e-12,"ncRNA_intronic","CASC11"
"189","Cancer of urinary organs (incl. kidney and bladder)","rs59163323","chr4:1763318_A/G",0.200242288749074,4.80373196394739e-08,"intergenic","TACC3;FGFR3"
"191.11","Cancer of brain","rs536035585","chr1:214066390_G/A",0.000553563244605425,4.05421934476185e-08,"ncRNA_intronic","PROX1-AS1"
"191.11","Cancer of brain","rs523096","chr9:22019129_A/G",0.447085768671575,4.44093542905959e-08,"ncRNA_intronic","CDKN2B-AS1"
"193","Thyroid cancer","rs10818090","chr9:100561486_C/T",0.331645166080427,2.81904195631157e-16,"ncRNA_intronic","PTCSC2"
"193","Thyroid cancer","rs1867279","chr9:100616041_T/C",0.265841722849606,6.81564908220141e-15,"UTR5","FOXE1"
"193","Thyroid cancer","rs1561957","chr9:100670272_T/C",0.36887522378438,1.38913579674157e-14,"intronic","TRMO"
"193","Thyroid cancer","rs3808893","chr9:100663745_C/T",0.366781992104106,2.38678225888628e-14,"intergenic","FOXE1;TRMO"
